                  epoch,         train/box_loss,         train/cls_loss,         train/dfl_loss,   metrics/precision(B),      metrics/recall(B),       metrics/mAP50(B),    metrics/mAP50-95(B),           val/box_loss,           val/cls_loss,           val/dfl_loss,                 lr/pg0,                 lr/pg1,                 lr/pg2
                      1,                 1.6226,                 2.5353,                0.98292,                0.96199,                0.22379,                0.29127,                0.16266,                 1.3448,                 1.5881,                0.90043,               0.000225,               0.000225,               0.000225
                      2,                 1.2995,                0.99237,                0.89093,                0.56612,                0.39468,                0.34107,                0.17136,                 1.4017,                 1.8424,                0.90782,             0.00045334,             0.00045334,             0.00045334
                      3,                 1.2646,                0.88697,                0.87601,                0.73675,                 0.6396,                0.64413,                0.36633,                 1.1951,                   1.02,                0.88375,             0.00067228,             0.00067228,             0.00067228
                      4,                 1.2329,                0.80213,                0.88011,                0.79278,                0.64686,                0.69822,                0.38211,                 1.1305,                0.97314,                0.86636,             0.00088181,             0.00088181,             0.00088181
                      5,                 1.2615,                0.82946,                0.87842,                0.76302,                0.66755,                0.69483,                0.38282,                 1.2109,                0.92846,                0.86926,              0.0010819,              0.0010819,              0.0010819
                      6,                 1.2804,                0.79602,                0.87602,                0.76796,                0.69901,                0.74861,                0.41913,                 1.1834,                0.76623,                 0.8782,              0.0011263,              0.0011263,              0.0011263
                      7,                 1.2374,                0.77949,                 0.8758,                0.87759,                0.67184,                0.76057,                0.43708,                 1.1345,                0.66467,                0.87325,              0.0011015,              0.0011015,              0.0011015
                      8,                 1.1857,                0.73787,                0.87219,                0.73839,                0.75562,                 0.7433,                0.43364,                 1.0872,                0.66856,                0.85866,              0.0010768,              0.0010768,              0.0010768
                      9,                 1.1855,                0.68846,                0.86424,                0.85475,                0.70715,                0.76055,                0.44762,                 1.1109,                 0.6825,                0.86321,               0.001052,               0.001052,               0.001052
                     10,                 1.1601,                 0.6808,                0.86247,                0.83013,                0.72748,                0.77964,                0.47078,                 1.0527,                0.62355,                0.85729,              0.0010273,              0.0010273,              0.0010273
                     11,                 1.0981,                0.64232,                0.85262,                0.87051,                0.70184,                0.76557,                0.46494,                 1.1038,                0.61259,                 0.8588,              0.0010025,              0.0010025,              0.0010025
                     12,                 1.1317,                0.62113,                0.84925,                0.89794,                0.72367,                  0.792,                 0.4947,                   1.05,                0.59648,                0.85749,             0.00097775,             0.00097775,             0.00097775
                     13,                 1.0842,                0.60901,                0.85312,                0.83316,                0.74823,                0.80323,                0.49669,                 1.0056,                0.56647,                  0.852,               0.000953,               0.000953,               0.000953
                     14,                 1.0756,                0.58866,                0.84934,                0.88222,                  0.707,                0.79185,                0.49364,                 1.0194,                0.57985,                0.84845,             0.00092825,             0.00092825,             0.00092825
                     15,                 1.0749,                0.58788,                0.84745,                0.91656,                0.68709,                0.79773,                 0.4946,                 1.0326,                0.57307,                0.84815,              0.0009035,              0.0009035,              0.0009035
                     16,                 1.0535,                0.58349,                0.84274,                0.87004,                0.70001,                0.78391,                0.48277,                 1.0392,                0.58223,                0.85007,             0.00087875,             0.00087875,             0.00087875
                     17,                  1.084,                0.59215,                0.84554,                0.89886,                0.71978,                 0.7956,                0.49773,                  1.022,                0.56798,                0.85055,               0.000854,               0.000854,               0.000854
                     18,                 1.0333,                0.59292,                0.84916,                0.83075,                0.69393,                0.71501,                0.45156,                0.97898,                0.57936,                0.84454,             0.00082925,             0.00082925,             0.00082925
                     19,                 1.0466,                0.58968,                0.84443,                0.88415,                0.73587,                0.79958,                0.49842,                0.98913,                0.56865,                0.84557,              0.0008045,              0.0008045,              0.0008045
                     20,                 1.0228,                0.57867,                0.84564,                0.88169,                0.73381,                0.78347,                0.48932,                 0.9968,                0.55076,                0.84571,             0.00077975,             0.00077975,             0.00077975
                     21,                0.99722,                0.55609,                0.84097,                0.83995,                0.70604,                0.80415,                0.48769,                 1.0072,                0.57076,                  0.841,               0.000755,               0.000755,               0.000755
                     22,                 1.0076,                 0.5555,                0.84004,                0.87087,                0.74872,                0.81489,                0.51041,                0.98784,                0.55396,                0.84492,             0.00073025,             0.00073025,             0.00073025
                     23,                  1.036,                0.55455,                0.84372,                0.80865,                0.75024,                0.81525,                0.49964,                 1.0113,                0.55499,                0.84981,              0.0007055,              0.0007055,              0.0007055
                     24,                 1.0309,                0.56105,                0.83847,                0.89283,                 0.7341,                0.81593,                0.49995,                 1.0099,                0.53848,                0.84156,             0.00068075,             0.00068075,             0.00068075
                     25,                 1.0329,                0.55275,                0.83795,                0.82317,                0.75316,                0.79527,                0.49819,                 1.0023,                 0.5407,                0.84958,               0.000656,               0.000656,               0.000656
                     26,                  1.031,                0.54531,                0.83444,                0.85777,                0.77073,                0.82715,                 0.5239,                0.94736,                0.51708,                0.83662,             0.00063125,             0.00063125,             0.00063125
                     27,                 1.0021,                0.54144,                0.83251,                0.84717,                0.75546,                0.81518,                0.52873,                0.95216,                0.51041,                0.83568,              0.0006065,              0.0006065,              0.0006065
                     28,                0.96462,                0.51041,                0.83308,                0.85909,                 0.7625,                0.82658,                0.52447,                0.99644,                0.52779,                0.83774,             0.00058175,             0.00058175,             0.00058175
                     29,                 1.0465,                0.54525,                0.83526,                0.87615,                0.74312,                0.82314,                0.52389,                 1.0214,                 0.5383,                0.83985,               0.000557,               0.000557,               0.000557
                     30,                0.97936,                0.51746,                0.83182,                0.89599,                0.78639,                0.82286,                0.52935,                0.94709,                0.49669,                0.83573,             0.00053225,             0.00053225,             0.00053225
                     31,                 1.0065,                0.51493,                0.82966,                0.93663,                0.76066,                0.82511,                0.53822,                0.93237,                0.50165,                0.83269,              0.0005075,              0.0005075,              0.0005075
                     32,                0.99728,                0.51713,                0.83426,                0.88232,                0.77187,                0.82526,                0.54018,                0.92916,                   0.49,                0.83507,             0.00048275,             0.00048275,             0.00048275
                     33,                0.97261,                0.50111,                0.83441,                0.91479,                0.75182,                0.82734,                0.53521,                0.96121,                0.50085,                 0.8367,               0.000458,               0.000458,               0.000458
                     34,                0.98204,                0.50423,                0.82991,                 0.8856,                0.76503,                0.81599,                0.53155,                 0.9304,                0.49356,                0.83425,             0.00043325,             0.00043325,             0.00043325
                     35,                0.97138,                0.49696,                0.82886,                0.90835,                0.75374,                0.82782,                0.53678,                0.91397,                0.48913,                0.83131,              0.0004085,              0.0004085,              0.0004085
                     36,                0.93775,                 0.4852,                0.83155,                0.86132,                0.79286,                0.82261,                0.54706,                0.89419,                0.48189,                0.82943,             0.00038375,             0.00038375,             0.00038375
                     37,                0.93297,                0.48063,                0.82324,                0.86088,                 0.7679,                0.81202,                0.54857,                0.89762,                0.47385,                0.83051,               0.000359,               0.000359,               0.000359
                     38,                0.94639,                0.48495,                0.83065,                0.85272,                0.75267,                0.81445,                0.53796,                0.90645,                 0.4914,                0.83134,             0.00033425,             0.00033425,             0.00033425
                     39,                0.93629,                0.48113,                0.82519,                0.86545,                0.79772,                0.83029,                0.54797,                0.90564,                0.46757,                0.83008,              0.0003095,              0.0003095,              0.0003095
                     40,                 0.9224,                0.46965,                0.82041,                0.86051,                0.79593,                0.83375,                0.55258,                0.90984,                0.47649,                0.83093,             0.00028475,             0.00028475,             0.00028475
                     41,                0.89504,                0.46901,                0.83458,                0.89604,                0.80084,                0.83562,                0.55522,                0.90694,                0.47333,                0.83141,                0.00026,                0.00026,                0.00026
                     42,                0.85912,                0.44935,                0.82721,                0.86345,                0.79223,                0.82993,                0.54827,                0.90579,                0.47879,                0.83174,             0.00023525,             0.00023525,             0.00023525
                     43,                0.86631,                0.44629,                0.82719,                0.86859,                0.78743,                0.82866,                0.55187,                0.89629,                0.47642,                0.82964,              0.0002105,              0.0002105,              0.0002105
                     44,                0.87776,                0.45248,                 0.8258,                0.84308,                 0.7767,                0.82585,                0.54851,                0.90433,                0.47895,                0.83042,             0.00018575,             0.00018575,             0.00018575
                     45,                0.85928,                0.44066,                0.82621,                0.92917,                0.76157,                0.84392,                0.55643,                0.90439,                 0.4711,                0.83142,               0.000161,               0.000161,               0.000161
                     46,                0.86375,                0.44129,                0.82243,                0.86732,                0.79771,                0.84492,                0.55326,                0.90601,                0.46838,                0.82995,             0.00013625,             0.00013625,             0.00013625
                     47,                0.86162,                0.44079,                0.82662,                 0.9146,                0.78904,                0.84737,                0.56356,                0.89035,                0.46378,                0.82997,              0.0001115,              0.0001115,              0.0001115
                     48,                0.85145,                0.43417,                0.82501,                0.90544,                0.79709,                0.84427,                0.55971,                0.87941,                 0.4578,                0.82852,              8.675e-05,              8.675e-05,              8.675e-05
                     49,                  0.841,                0.42618,                0.82123,                0.87032,                0.78772,                0.83465,                0.55661,                0.88151,                0.45507,                0.82894,                6.2e-05,                6.2e-05,                6.2e-05
                     50,                0.85117,                 0.4303,                0.82497,                0.87528,                0.78862,                0.83475,                0.55615,                0.87997,                0.45669,                0.82802,              3.725e-05,              3.725e-05,              3.725e-05
